Datetime,Water Level (m)
2025-10-19 12:00:00,-0.00024459904
2025-10-19 13:00:00,-0.0004154365
2025-10-19 14:00:00,-0.0006079381
2025-10-19 15:00:00,-0.00081699895
2025-10-19 16:00:00,-0.00087663956
2025-10-19 17:00:00,-0.0007344809
2025-10-19 18:00:00,-0.0004966208
2025-10-19 19:00:00,-0.0003782757
2025-10-19 20:00:00,-0.00028561152
2025-10-19 21:00:00,-0.00020159842
2025-10-19 22:00:00,-0.00013105386
2025-10-19 23:00:00,-0.00010353797
2025-10-20 00:00:00,-0.00023645902
2025-10-20 01:00:00,-0.00044380143
2025-10-20 02:00:00,-0.0006248644
2025-10-20 03:00:00,-0.00078068767
2025-10-20 04:00:00,-0.00081157614
2025-10-20 05:00:00,-0.0006796764
2025-10-20 06:00:00,-0.0004648353
2025-10-20 07:00:00,-0.00035547308
2025-10-20 08:00:00,-0.00026324234
2025-10-20 09:00:00,-0.00017467454
2025-10-20 10:00:00,-9.9870194e-05
2025-10-20 11:00:00,-0.000103873965
2025-10-20 12:00:00,-0.00017566714
2025-10-20 13:00:00,-0.00039158782
2025-10-20 14:00:00,-0.00060138747
2025-10-20 15:00:00,-0.0008510226
2025-10-20 16:00:00,-0.0009470991
2025-10-20 17:00:00,-0.0008462333
2025-10-20 18:00:00,-0.0006149284
2025-10-20 19:00:00,-0.00044943742
2025-10-20 20:00:00,-0.00034829337
2025-10-20 21:00:00,-0.00025445202
2025-10-20 22:00:00,-0.00017238581
2025-10-20 23:00:00,-0.000108286535
2025-10-21 00:00:00,-0.000114644354
2025-10-21 01:00:00,-0.0003278423
2025-10-21 02:00:00,-0.00052829745
2025-10-21 03:00:00,-0.0007247296
2025-10-21 04:00:00,-0.000826282
2025-10-21 05:00:00,-0.0007479411
2025-10-21 06:00:00,-0.0005183162
2025-10-21 07:00:00,-0.00038245157
2025-10-21 08:00:00,-0.00029141366
2025-10-21 09:00:00,-0.00020450153
2025-10-21 10:00:00,-0.0001269677
2025-10-21 11:00:00,-9.3781906e-05
2025-10-21 12:00:00,-9.7394965e-05
2025-10-21 13:00:00,-0.00027786606
2025-10-21 14:00:00,-0.0004916591
2025-10-21 15:00:00,-0.00075810513
2025-10-21 16:00:00,-0.00095331244
2025-10-21 17:00:00,-0.00094138953
2025-10-21 18:00:00,-0.00075212604
2025-10-21 19:00:00,-0.00051384437
2025-10-21 20:00:00,-0.0003979778
2025-10-21 21:00:00,-0.000303497
2025-10-21 22:00:00,-0.00021532911
2025-10-21 23:00:00,-0.00013618454
2025-10-22 00:00:00,-9.8796896e-05
2025-10-22 01:00:00,-0.00019729427
2025-10-22 02:00:00,-0.00042445218
2025-10-22 03:00:00,-0.00060605194
2025-10-22 04:00:00,-0.00077606784
2025-10-22 05:00:00,-0.00078085763
2025-10-22 06:00:00,-0.0005974222
2025-10-22 07:00:00,-0.00041755103
2025-10-22 08:00:00,-0.00031599443
2025-10-22 09:00:00,-0.0002221961
2025-10-22 10:00:00,-0.00014093677
2025-10-22 11:00:00,-9.399918e-05
2025-10-22 12:00:00,-9.8024975e-05
2025-10-22 13:00:00,-0.00015332476
2025-10-22 14:00:00,-0.00037311
2025-10-22 15:00:00,-0.0006104646
2025-10-22 16:00:00,-0.00087815925
2025-10-22 17:00:00,-0.0009772404
2025-10-22 18:00:00,-0.000861122
2025-10-22 19:00:00,-0.00059698435
2025-10-22 20:00:00,-0.00044162193
2025-10-22 21:00:00,-0.00034399607
2025-10-22 22:00:00,-0.0002515847
2025-10-22 23:00:00,-0.00016618952
2025-10-23 00:00:00,-0.00010096119
2025-10-23 01:00:00,-0.00010702662
2025-10-23 02:00:00,-0.00031838586
2025-10-23 03:00:00,-0.00049990515
2025-10-23 04:00:00,-0.00066910253
2025-10-23 05:00:00,-0.00075718504
2025-10-23 06:00:00,-0.00065437064
2025-10-23 07:00:00,-0.0004491138
2025-10-23 08:00:00,-0.0003384024
2025-10-23 09:00:00,-0.0002515459
2025-10-23 10:00:00,-0.0001688414
2025-10-23 11:00:00,-0.000100953475
2025-10-23 12:00:00,-0.00010122504
2025-10-23 13:00:00,-0.0001023882
2025-10-23 14:00:00,-0.0002635976
2025-10-23 15:00:00,-0.0004758419
2025-10-23 16:00:00,-0.00072288694
2025-10-23 17:00:00,-0.0009181594
2025-10-23 18:00:00,-0.0009074878
2025-10-23 19:00:00,-0.0006973386
2025-10-23 20:00:00,-0.00047776918
2025-10-23 21:00:00,-0.00037561217
2025-10-23 22:00:00,-0.0002866968
2025-10-23 23:00:00,-0.00020031583
2025-10-24 00:00:00,-0.00012258369
2025-10-24 01:00:00,-9.950331e-05
2025-10-24 02:00:00,-0.0002027861
2025-10-24 03:00:00,-0.00039519582
2025-10-24 04:00:00,-0.0005459871
2025-10-24 05:00:00,-0.00068144535
2025-10-24 06:00:00,-0.0006807668
2025-10-24 07:00:00,-0.0005061061
2025-10-24 08:00:00,-0.00036311673
2025-10-24 09:00:00,-0.00027934724
2025-10-24 10:00:00,-0.00019508923
2025-10-24 11:00:00,-0.00011693218
2025-10-24 12:00:00,-0.000102742095
2025-10-24 13:00:00,-0.00010798045
2025-10-24 14:00:00,-0.00016711286
2025-10-24 15:00:00,-0.00035864545
2025-10-24 16:00:00,-0.0005626055
2025-10-24 17:00:00,-0.00079393154
2025-10-24 18:00:00,-0.0008917022
2025-10-24 19:00:00,-0.00078778
2025-10-24 20:00:00,-0.0005393412
2025-10-24 21:00:00,-0.00041027984
2025-10-24 22:00:00,-0.0003249626
2025-10-24 23:00:00,-0.0002401738
2025-10-25 00:00:00,-0.00016009486
2025-10-25 01:00:00,-9.860153e-05
2025-10-25 02:00:00,-0.00012625975
2025-10-25 03:00:00,-0.00030861632
2025-10-25 04:00:00,-0.0004474968
2025-10-25 05:00:00,-0.000565455
2025-10-25 06:00:00,-0.00062772457
2025-10-25 07:00:00,-0.00054077315
2025-10-25 08:00:00,-0.0003948686
2025-10-25 09:00:00,-0.00029272615
2025-10-25 10:00:00,-0.00021019555
2025-10-25 11:00:00,-0.00014565742
2025-10-25 12:00:00,-9.668131e-05
